month,val
1,60.327095565402
2,58.3922601659845
3,62.4571017114644
4,72.7779928645762
5,85.2364314258018
6,94.6819302745389
7,96.8921337343812
8,96.9003831589855
9,95.0959219275135
10,90.0536151260215
11,82.4809275280594
12,68.8660760138561
